DATE,SH50,HS300,ZZ500
2021-05-06,3449.939,5061.124,6489.349
2021-05-07,3406.31,4996.053,6444.443
2021-05-10,3399.985,4992.422,6475.994
2021-05-11,3437.714,5023.06,6456.038
2021-05-12,3447.862,5044.548,6512.05
2021-05-13,3413.889,4992.974,6439.027
2021-05-14,3503.037,5110.59,6525.804
2021-05-17,3539.913,5184.985,6578.14
2021-05-18,3537.696,5187.601,6599.599
2021-05-19,3511.467,5172.272,6584.387
2021-05-20,3522.451,5186.412,6548.711
2021-05-21,3481.862,5134.148,6527.864
2021-05-24,3497.747,5155.588,6544.122
2021-05-25,3641.292,5318.478,6619.671
2021-05-26,3657.19,5320.593,6628.207
2021-05-27,3664.942,5338.233,6685.405
2021-05-28,3659.296,5321.089,6668.17
2021-05-31,3650.225,5331.57,6728.991
2021-06-01,3650.903,5341.68,6739.762
2021-06-02,3622.398,5289.974,6681.429
2021-06-03,3591.156,5255.286,6667.726
2021-06-04,3612.701,5282.277,6693.057
2021-06-07,3601.109,5277.627,6721.502
2021-06-08,3580.284,5232.117,6684.563
2021-06-09,3587.532,5236.449,6692.905
2021-06-10,3607.679,5271.466,6765.644
2021-06-11,3576.777,5224.703,6725.915
2021-06-15,3528.668,5166.56,6663.662
2021-06-16,3486.288,5080.491,6566.286
2021-06-17,3481.6,5101.892,6616.174
2021-06-18,3454.589,5102.466,6657.764
2021-06-21,3431.252,5090.385,6707.176
2021-06-22,3464.706,5122.158,6739.794
2021-06-23,3471.341,5147.394,6789.946
2021-06-24,3483.909,5155.974,6754.866
2021-06-25,3535.019,5239.968,6813.414
2021-06-28,3520.743,5251.76,6828.516
2021-06-29,3482.733,5190.545,6765.42
2021-06-30,3498.649,5224.041,6808.183
2021-07-01,3535.249,5229.664,6716.666
2021-07-02,3408.237,5081.117,6658.045
2021-07-05,3404.791,5085.792,6711.014
2021-07-06,3405.279,5083.104,6709.498
2021-07-07,3424.39,5140.49,6764.132
2021-07-08,3373.256,5088.257,6748.654
2021-07-09,3361.595,5069.436,6804.539
2021-07-12,3384.507,5132.709,6904.382
2021-07-13,3391.742,5142.099,6961.848
2021-07-14,3339.381,5083.085,6898.75
2021-07-15,3411.289,5151.463,6932.406
2021-07-16,3369.899,5094.773,6925.123
2021-07-19,3385.366,5113.495,6889.338
2021-07-20,3378.629,5108.994,6901.132
2021-07-21,3388.52,5144.043,6984.542
2021-07-22,3392.717,5151.752,7026.548
2021-07-23,3357.447,5089.228,6985.75
2021-07-26,3228.37,4925.299,6868.207
2021-07-27,3126.376,4751.313,6719.256
2021-07-28,3154.635,4760.483,6621.985
2021-07-29,3182.796,4850.275,6758.887
2021-07-30,3132.821,4811.17,6767.316
2021-08-02,3211.144,4933.736,6872
2021-08-03,3223.826,4934.458,6816.011
2021-08-04,3233.103,4978.848,6931.337
2021-08-05,3227.359,4948.67,6911.829
2021-08-06,3195.696,4921.565,6938.868
2021-08-09,3235.206,4985.563,6979.526
2021-08-10,3288.651,5043.148,7019.228
2021-08-11,3262.575,5015.341,7073.522
2021-08-12,3226.114,4973.351,7095.202
2021-08-13,3217.837,4945.983,7088.888
2021-08-16,3222.622,4941.068,7052.488
2021-08-17,3149.878,4837.403,6894.404
2021-08-18,3190.552,4894.238,6941.008
2021-08-19,3144.375,4862.139,6947.056
2021-08-20,3072.755,4769.268,6920.025
2021-08-23,3099.887,4835.878,7024.565
2021-08-24,3147.769,4888.39,7090.782
2021-08-25,3159.803,4898.157,7153.004
2021-08-26,3088.831,4801.609,7118.844
2021-08-27,3123.049,4827.043,7180.109
2021-08-30,3112.702,4813.27,7226.882
2021-08-31,3097.058,4805.61,7255.342
2021-09-01,3165.037,4869.459,7193.1
2021-09-02,3167.097,4869.411,7307.008
2021-09-03,3175.879,4843.062,7278.681
2021-09-06,3211.198,4933.726,7355.401
2021-09-07,3248.052,4992.829,7498.926
2021-09-08,3213.257,4972.132,7544.041
2021-09-09,3204.278,4970.013,7617.451
2021-09-10,3252.325,5013.522,7607.675
2021-09-13,3242.036,4991.66,7648.748
2021-09-14,3188.261,4917.162,7556.616
2021-09-15,3146.634,4867.319,7592.306
2021-09-16,3128.589,4807.698,7446.935
2021-09-17,3161.922,4855.94,7395.565
2021-09-22,3122.337,4821.768,7453.625
2021-09-23,3127.821,4853.196,7502.839
2021-09-24,3145.112,4849.428,7380.384
2021-09-27,3199.975,4877.37,7170.59
2021-09-28,3211.154,4883.828,7198.897
2021-09-29,3199.226,4833.928,7010.219
2021-09-30,3196.991,4866.383,7103.608
2021-10-08,3256.261,4929.941,7091.336
2021-10-11,3276.407,4936.192,7090.467
2021-10-12,3259.38,4883.837,6952.19
2021-10-13,3292.762,4940.109,6981.595
2021-10-14,3270.692,4913.612,7008.333
2021-10-15,3294.833,4932.108,7024.16
2021-10-18,3229.631,4874.775,7068.105
2021-10-19,3256.668,4922.723,7120.379
2021-10-20,3254.998,4910.185,7118.796
2021-10-21,3278.542,4928.016,7098.254
2021-10-22,3318.128,4959.725,7026.068
2021-10-25,3312.303,4979.524,7103.986
2021-10-26,3290.036,4963.098,7102.434
2021-10-27,3247.097,4898.164,7048.604
2021-10-28,3239.61,4864.138,6950.277
2021-10-29,3267.249,4908.77,7022.499
2021-11-01,3250.915,4890.685,7060.756
2021-11-02,3212.026,4839.846,6985.1
2021-11-03,3181.451,4821.112,7017.854
2021-11-04,3207.264,4868.742,7073.852
2021-11-05,3201.546,4842.346,6991.908
2021-11-08,3196.27,4848.18,7026.972
2021-11-09,3186.958,4846.744,7081.754
2021-11-10,3170.405,4821.193,7062.331
2021-11-11,3233.37,4898.653,7119.859
2021-11-12,3220.548,4888.375,7156.613
2021-11-15,3221.687,4882.378,7098.213
2021-11-16,3222.173,4883.321,7045.939
2021-11-17,3208.776,4885.754,7104.534
2021-11-18,3173.376,4837.619,7084.683
2021-11-19,3212.908,4890.058,7169.876
2021-11-22,3212.151,4912.399,7255.074
2021-11-23,3224.155,4913.346,7261.379
2021-11-24,3231.835,4916.658,7256.112
2021-11-25,3218.051,4896.442,7233.542
2021-11-26,3187.358,4860.127,7219.862
2021-11-29,3187.049,4851.423,7221.898
2021-11-30,3165.35,4832.026,7252.755
2021-12-01,3180.418,4843.851,7272.837
2021-12-02,3190.872,4856.163,7229.988
2021-12-03,3221.422,4901.018,7301.917
2021-12-06,3228.142,4892.621,7240.456
2021-12-07,3254.499,4922.102,7206.826
2021-12-08,3304.708,4995.93,7302.991
2021-12-09,3360.184,5078.69,7320.318
2021-12-10,3353.63,5055.117,7306.646
2021-12-13,3366.068,5083.801,7353.031
2021-12-14,3350.497,5049.695,7324.133
2021-12-15,3318.98,5005.899,7314.259
2021-12-16,3330.856,5034.732,7380.997
2021-12-17,3278.899,4954.76,7314.56
2021-12-20,3255.352,4880.418,7195.973
2021-12-21,3273.031,4913.485,7275.468
2021-12-22,3260.571,4914.454,7302.463
2021-12-23,3287.188,4948.739,7337.19
2021-12-24,3290.236,4921.345,7278.756
2021-12-27,3278.437,4919.324,7272.749
2021-12-28,3303.4,4955.964,7286.034
2021-12-29,3240.845,4883.48,7247.774
2021-12-30,3261.794,4921.511,7310.96
2021-12-31,3274.321,4940.373,7359.402
2022-01-04,3264.066,4917.765,7354.456
2022-01-05,3254.279,4868.12,7222.675
2022-01-06,3210.385,4818.232,7229.96
2022-01-07,3223.267,4822.369,7175.676
2022-01-10,3236.116,4844.045,7191.451
2022-01-11,3214.529,4797.774,7135.223
2022-01-12,3236.308,4845.579,7196.933
2022-01-13,3184.107,4765.919,7097.759
2022-01-14,3139.045,4726.732,7081.141
2022-01-17,3147.699,4767.276,7157.859
2022-01-18,3187.524,4813.347,7163.159
2022-01-19,3187.192,4780.378,7118.762
2022-01-20,3233.701,4823.509,7056.785
2022-01-21,3218.735,4779.314,6976.616
2022-01-24,3209.745,4786.738,6979.246
2022-01-25,3144.949,4678.451,6743.957
2022-01-26,3163.674,4712.311,6782.576
2022-01-27,3119.239,4619.877,6605.916
2022-01-28,3054.021,4563.772,6580.53
2022-02-07,3114.26,4634.09,6676.612
2022-02-08,3116.505,4608.773,6742.192
2022-02-09,3139.564,4652.061,6843.027
2022-02-10,3145.113,4639.863,6840.485
2022-02-11,3142.912,4601.395,6745.024
2022-02-14,3103.997,4551.688,6695.696
2022-02-15,3119.928,4600.103,6760.278
2022-02-16,3136.082,4617.989,6772.034
2022-02-17,3139.177,4629.165,6768.789
2022-02-18,3162.822,4651.236,6835.022
2022-02-21,3144.865,4634.314,6867.113
2022-02-22,3102.325,4574.153,6784.762
2022-02-23,3118.038,4623.047,6887.424
2022-02-24,3059.641,4529.319,6764.876
2022-02-25,3075.587,4573.425,6819.431
2022-02-28,3080.777,4581.646,6853.308
2022-03-01,3125.691,4619.686,6874.045
2022-03-02,3107.241,4578.601,6875.24
2022-03-03,3097.089,4551.628,6859.552
2022-03-04,3062.382,4496.43,6803.834
2022-03-07,2974.676,4352.778,6659.39
2022-03-08,2933.164,4265.391,6429.889
2022-03-09,2907.178,4226.346,6305.609
2022-03-10,2933.461,4292.837,6414.94
2022-03-11,2935.684,4306.522,6474.127
2022-03-14,2851.877,4174.758,6323.578
2022-03-15,2702.853,3983.812,5964.981
2022-03-16,2827.75,4156.081,6156.271
2022-03-17,2877.219,4237.696,6267.524
2022-03-18,2913.185,4265.902,6332.217
2022-03-21,2892.107,4258.746,6358.943
2022-03-22,2900.768,4255.295,6358.109
2022-03-23,2916.508,4276.517,6398.101
2022-03-24,2903.617,4251.306,6344.115
2022-03-25,2856.428,4174.574,6268.238
2022-03-28,2853.182,4148.466,6283.281
2022-03-29,2842.153,4134.144,6253.069
2022-03-30,2915.491,4254.099,6377.874
2022-03-31,2898.826,4222.597,6324.961
2022-04-01,2943.244,4276.158,6364.521
2022-04-06,2931.198,4263.841,6356.927
2022-04-07,2902.482,4209.1,6221.591
2022-04-08,2925.491,4230.767,6224.117
2022-04-11,2846.38,4100.07,6029.894
2022-04-12,2894.258,4179.973,6126.907
2022-04-13,2882.279,4139.737,6044.326
2022-04-14,2928.596,4191.568,6126.49
2022-04-15,2930.578,4188.747,6070.749
2022-04-18,2887.721,4166.384,6074.007
2022-04-19,2861.567,4134.902,6092.396
2022-04-20,2835.352,4070.789,5956.921
2022-04-21,2797.529,3995.83,5759.801
2022-04-22,2814.127,4013.25,5740.984
2022-04-25,2683.413,3814.913,5369.717
2022-04-26,2681.028,3784.12,5234.006
2022-04-27,2734.54,3895.536,5437.037
2022-04-28,2769.712,3921.107,5418.764
2022-04-29,2805.336,4016.241,5627.902
2022-05-05,2800.929,4010.21,5686.702
2022-05-06,2719.761,3908.815,5563.769
2022-05-09,2695.133,3877.436,5608.516
2022-05-10,2718.371,3919.868,5690.087
2022-05-11,2741.232,3976.423,5737.817
2022-05-12,2721.77,3958.74,5743.101
2022-05-13,2748.237,3988.6,5796.801
2022-05-16,2720.406,3956.538,5791.081
2022-05-17,2756.74,4005.893,5816.338
2022-05-18,2745.528,3991.907,5797.49
2022-05-19,2744.545,3999.598,5838.407
2022-05-20,2807.942,4077.6,5929.488
2022-05-23,2782.548,4053.982,5965.728
2022-05-24,2734.192,3959.154,5745.675
2022-05-25,2743.417,3983.178,5844.255
2022-05-26,2744.898,3993.045,5911.561
2022-05-27,2763.072,4001.299,5899.915
2022-05-30,2778.451,4029.018,5942.832
2022-05-31,2813.219,4091.518,6026.237
2022-06-01,2798.068,4083.177,6023.644
2022-06-02,2790.316,4089.568,6078.435
2022-06-06,2825.651,4166.085,6187.444
2022-06-07,2846.81,4179.129,6186.567
2022-06-08,2879.311,4219.812,6217.828
2022-06-09,2868.424,4175.675,6130.686
2022-06-10,2899.579,4238.994,6240.103
2022-06-13,2844.724,4189.353,6233.619
2022-06-14,2882.703,4222.311,6275.565
2022-06-15,2923.989,4278.218,6261.061
2022-06-16,2891.335,4250.061,6264.822
2022-06-17,2936.2,4309.044,6316.309
2022-06-20,2924.915,4330.433,6330.394
2022-06-21,2926.475,4325.566,6277.001
2022-06-22,2892.286,4270.623,6179.57
2022-06-23,2935.883,4343.878,6300.475
2022-06-24,2974.754,4394.772,6368.283
2022-06-27,3013.948,4444.264,6407.745
2022-06-28,3039.413,4490.517,6501.352
2022-06-29,3009.236,4421.357,6374.297
2022-06-30,3058.398,4485.011,6454.078
2022-07-01,3045.269,4466.718,6438.538
2022-07-04,3050.152,4496.03,6523.131
2022-07-05,3052.111,4489.538,6511.53
2022-07-06,2996.728,4423.97,6418.545
2022-07-07,2989.208,4443.474,6452.986
2022-07-08,2993.306,4428.781,6404.439
2022-07-11,2942.296,4354.617,6319.14
2022-07-12,2922.005,4313.618,6241.479
2022-07-13,2914.295,4321.462,6268.494
2022-07-14,2895.299,4322.074,6302.432
2022-07-15,2839.394,4248.527,6196.8
2022-07-18,2878.639,4292.586,6312.356
2022-07-19,2865.603,4269.34,6335.709
2022-07-20,2874.078,4283.803,6410.709
2022-07-21,2836.662,4236.058,6347.598
2022-07-22,2848.436,4238.234,6289.533
2022-07-25,2837.26,4212.644,6231.236
2022-07-26,2854.639,4245.976,6307.956
2022-07-27,2829.922,4225.036,6332.233
2022-07-28,2827.107,4225.673,6348.166
2022-07-29,2792.329,4170.102,6294.114
2022-08-01,2781.682,4188.678,6347.221
2022-08-02,2730.755,4107.024,6169.996
2022-08-03,2710.724,4066.975,6124.315
2022-08-04,2741.087,4101.537,6158.735
2022-08-05,2774.335,4156.911,6270.511
2022-08-08,2761.157,4148.075,6323.075
2022-08-09,2764.068,4156.291,6341.481
2022-08-10,2730.961,4109.737,6322.056
2022-08-11,2787.063,4193.543,6439.359
2022-08-12,2796.889,4191.152,6420.853
2022-08-15,2782.666,4185.679,6442.809
2022-08-16,2769.261,4177.837,6465.187
2022-08-17,2785.853,4216.959,6493.505
2022-08-18,2759.294,4180.1,6468.806
2022-08-19,2750.631,4151.074,6391.716
2022-08-22,2756.369,4181.397,6472.68
2022-08-23,2735.666,4161.082,6466.405
2022-08-24,2708.09,4082.42,6284.577
2022-08-25,2752.556,4116.24,6322.696
2022-08-26,2751.589,4107.546,6298.374
2022-08-29,2732.206,4089.521,6310.402
2022-08-30,2726.66,4075.794,6285.927
2022-08-31,2761.783,4078.84,6155.746
2022-09-01,2732.399,4043.74,6126.769
2022-09-02,2711.264,4023.613,6149.427
2022-09-05,2697.767,4015.426,6182.647
2022-09-06,2724.498,4052.28,6291.571
2022-09-07,2710.686,4054.983,6301.564
2022-09-08,2708.278,4037.684,6272.575
2022-09-09,2757.566,4093.787,6316.972
2022-09-13,2769.235,4111.115,6300.422
2022-09-14,2745.428,4065.359,6249.963
2022-09-15,2743.789,4027.119,6107.796
2022-09-16,2678.033,3932.683,5954.504
2022-09-19,2679.586,3928,5913.149
2022-09-20,2673.88,3932.836,5958.292
2022-09-21,2652.214,3903.735,5978.581
2022-09-22,2629.37,3869.344,5965.885
2022-09-23,2629.809,3856.021,5889.602
2022-09-26,2614.9,3836.677,5806.318
2022-09-27,2642.921,3892.295,5920.053
2022-09-28,2611.982,3828.71,5769.52
2022-09-29,2608.977,3827.143,5771.881
2022-09-30,2610.117,3804.885,5714.063
2022-10-10,2545.049,3720.937,5635.711
2022-10-11,2539.946,3727.687,5684.506
2022-10-12,2555.024,3784.306,5820.454
2022-10-13,2523.632,3752.673,5830.336
2022-10-14,2584.685,3842.47,5973.439
2022-10-17,2585.497,3846.412,6015.596
2022-10-18,2569.968,3838.267,6035.674
2022-10-19,2519.903,3776.534,5972.723
2022-10-20,2501.496,3754.927,5948.862
2022-10-21,2487.221,3742.893,5956.881
2022-10-24,2392.598,3633.373,5896.903
2022-10-25,2394.92,3627.454,5869.781
2022-10-26,2400.516,3656.903,5971.601
2022-10-27,2381.263,3631.145,5963.004
2022-10-28,2326.942,3541.33,5781.797
2022-10-31,2295.924,3508.703,5807.106
2022-11-01,2396.629,3634.173,5941.145
2022-11-02,2418.322,3677.805,5997.804
2022-11-03,2387.452,3647.897,5996.719
2022-11-04,2468.276,3767.175,6133.463
2022-11-07,2477.767,3775.297,6141.409
2022-11-08,2459.091,3749.325,6134.256
2022-11-09,2440.352,3714.27,6120.829
2022-11-10,2440.317,3685.689,6089.695
2022-11-11,2518.049,3788.439,6138.621
2022-11-14,2538.297,3794.017,6129.513
2022-11-15,2583.723,3865.973,6236.384
2022-11-16,2572.887,3834.39,6203.917
2022-11-17,2560.017,3818.664,6217.205
2022-11-18,2546.715,3801.569,6191.648
2022-11-21,2514.854,3769.127,6189.709
2022-11-22,2531.344,3769.573,6125.4
2022-11-23,2535.523,3773.529,6115.605
2022-11-24,2520.563,3756.808,6120.066
2022-11-25,2544.615,3775.776,6087.859
2022-11-28,2503.623,3733.242,6055.284
2022-11-29,2607.75,3848.422,6163.821
2022-11-30,2606.543,3853.037,6156.147
2022-12-01,2631.205,3894.769,6186.102
2022-12-02,2614.614,3870.948,6168.013
2022-12-05,2676.143,3946.876,6215.124
2022-12-06,2684.846,3968.198,6211.252
2022-12-07,2670.647,3958.441,6204.005
2022-12-08,2672.896,3959.18,6186.284
2022-12-09,2706.739,3998.244,6192.301
2022-12-12,2673.939,3953.443,6154.809
2022-12-13,2676.9,3945.681,6121.662
2022-12-14,2686.368,3954.886,6096.386
2022-12-15,2675.188,3951.989,6101.879
2022-12-16,2688.29,3954.227,6072.863
2022-12-19,2646.179,3893.221,5936.475
2022-12-20,2599.488,3829.017,5878.031
2022-12-21,2607.424,3830.538,5845.835
2022-12-22,2619.757,3836.028,5779.056
2022-12-23,2615.879,3828.219,5763.346
2022-12-26,2607.523,3843.489,5843.256
2022-12-27,2632.453,3887.854,5885.662
2022-12-28,2638.306,3871.264,5862.097
2022-12-29,2622.072,3856.701,5857.402
2022-12-30,2635.248,3871.634,5864.467
2023-01-03,2641.422,3887.899,5955.897
2023-01-04,2651.005,3892.948,5952.454
2023-01-05,2700.308,3968.578,6010.464
2023-01-06,2713.631,3980.889,6012.815
2023-01-09,2742.201,4013.12,6040.019
2023-01-10,2733.619,4017.474,6048.297
2023-01-11,2740.193,4010.031,6014.157
2023-01-12,2741.945,4017.869,6015.287
2023-01-13,2787.356,4074.377,6057.69
2023-01-16,2834.291,4137.964,6126.177
2023-01-17,2827.027,4137.242,6132.639
2023-01-18,2810.086,4130.314,6151.456
2023-01-19,2820.807,4156.008,6204.326
2023-01-20,2836.807,4181.527,6251.434
2023-01-30,2839.122,4201.345,6283.327
2023-01-31,2807.952,4156.858,6289.15
2023-02-01,2820.874,4195.933,6365.905
2023-02-02,2811.847,4181.149,6370.141
2023-02-03,2774.801,4141.632,6343.686
2023-02-06,2735.005,4086.878,6302.335
2023-02-07,2740.445,4094.234,6317.238
2023-02-08,2731.252,4076.141,6268.276
2023-02-09,2761.872,4130.857,6354.562
2023-02-10,2746.723,4106.31,6334.252
2023-02-13,2767.793,4143.574,6383.828
2023-02-14,2776.982,4145.29,6397.215
2023-02-15,2752.339,4123.689,6384.348
2023-02-16,2742.804,4093.488,6289.479
2023-02-17,2714.289,4034.507,6237.405
2023-02-20,2788.396,4133.49,6346.068
2023-02-21,2802.136,4144.354,6383.425
2023-02-22,2769.344,4106.951,6375.068
2023-02-23,2767.535,4103.646,6360.32
2023-02-24,2727.59,4061.046,6340.844
2023-02-27,2723.584,4043.844,6307.206
2023-02-28,2737.155,4069.459,6357.535
2023-03-01,2773.649,4126.942,6402.141
2023-03-02,2769.108,4117.738,6382.232
2023-03-03,2774.508,4130.551,6390.318
2023-03-06,2744.141,4109.01,6395.219
2023-03-07,2713.168,4048.852,6284.299
2023-03-08,2691.933,4034.108,6301.516
2023-03-09,2671.843,4019.851,6285.952
2023-03-10,2636.389,3967.135,6204.899
2023-03-13,2664.038,4008.686,6245.003
2023-03-14,2645.114,3984.696,6189.397
2023-03-15,2648.385,3986.902,6224.64
2023-03-16,2622.823,3939.151,6140.832
2023-03-17,2628.591,3958.819,6183.184
2023-03-20,2616.751,3939.077,6160.354
2023-03-21,2643.358,3982.378,6234.679
2023-03-22,2651.534,3999.443,6269.738
2023-03-23,2668.669,4039.09,6305.759
2023-03-24,2653.285,4027.046,6310.098
2023-03-27,2639.623,4012.477,6311.6
2023-03-28,2638.738,3999.515,6279.922
2023-03-29,2636.223,4006.144,6260.551
2023-03-30,2664.212,4038.526,6286.177
2023-03-31,2661.92,4050.926,6339.818
2023-04-03,2665.723,4090.568,6413.807
2023-04-04,2675.917,4103.105,6408.899
2023-04-06,2666.448,4096.64,6416.846
2023-04-07,2684.862,4123.28,6464.466
2023-04-10,2684.909,4104.812,6410.522
2023-04-11,2680.044,4100.148,6420.877
2023-04-12,2665.77,4097.288,6443.439
2023-04-13,2670.014,4068.979,6404.646
2023-04-14,2679.007,4091.999,6431.069
2023-04-17,2732.974,4149.384,6459.24
2023-04-18,2744.454,4162.032,6449.853
2023-04-19,2720.718,4124.559,6416.97
2023-04-20,2704.858,4113.019,6411.756
2023-04-21,2654.211,4032.567,6250.545
2023-04-24,2618.478,3982.643,6208.78
2023-04-25,2619.233,3962.666,6118.153
2023-04-26,2617.978,3959.232,6142.154
2023-04-27,2650.57,3988.419,6157.936
2023-04-28,2677.757,4029.086,6241.244
2023-05-04,2692.691,4030.247,6262.389
2023-05-05,2685.173,4016.877,6200.576
2023-05-08,2720.323,4062.662,6248.583
2023-05-09,2703.937,4027.875,6181.976
2023-05-10,2673.906,3996.87,6173.809
2023-05-11,2666.062,3990.664,6154.47
2023-05-12,2630.948,3937.762,6091.646
2023-05-15,2677.037,3998.887,6159.389
2023-05-16,2670.451,3978.205,6110.827
2023-05-17,2649.356,3960.165,6122.052
2023-05-18,2644.218,3956.07,6128.176
2023-05-19,2633.386,3944.54,6117.083
2023-05-22,2658.789,3969.328,6115.315
2023-05-23,2617.54,3913.188,6052.43
2023-05-24,2577.342,3859.094,6005.791
2023-05-25,2564.505,3850.5,5988.189
2023-05-26,2559.614,3850.951,6034.983
2023-05-29,2548.286,3833.942,6025.155
2023-05-30,2535.144,3837.753,6061.309
2023-05-31,2493.35,3798.543,6047.802
2023-06-01,2500.34,3806.868,6051.46
2023-06-02,2543.576,3861.834,6105.218
2023-06-05,2528.399,3844.249,6097.106
2023-06-06,2519.189,3808.163,5983.42
2023-06-07,2511.393,3789.342,5987.011
2023-06-08,2540.065,3820.187,5966.148
2023-06-09,2543.932,3836.703,6009.583
2023-06-12,2542.196,3844.432,6027.712
2023-06-13,2544.95,3864.907,6044.037
2023-06-14,2541.813,3864.025,6044.077
2023-06-15,2576.742,3925.499,6096.808
2023-06-16,2600.919,3963.351,6148.013
2023-06-19,2560.529,3930.908,6131.385
2023-06-20,2547.254,3924.238,6126.113
2023-06-21,2519.079,3864.032,5990.846
2023-06-26,2488.738,3809.696,5887.032
2023-06-27,2506.599,3845.433,5948.003
2023-06-28,2510.715,3840.799,5942.311
2023-06-29,2490.897,3821.844,5940.578
2023-06-30,2492.102,3842.452,5998.729
2023-07-03,2534.474,3892.882,6042.312
2023-07-04,2537.596,3899.013,6055.258
2023-07-05,2520.175,3868.805,6020.821
2023-07-06,2501.317,3842.755,5988.553
2023-07-07,2489.535,3825.699,5961.606
2023-07-10,2503.277,3844.327,5984.281
2023-07-11,2518.528,3869.486,6029.232
2023-07-12,2513.417,3843.437,5962.794
2023-07-13,2546.381,3898.423,6044.058
2023-07-14,2547.939,3899.103,6030.519
2023-07-17,2520.786,3867.175,6012.69
2023-07-18,2511.635,3854.939,6001.8
2023-07-19,2517.106,3850.866,5993.413
2023-07-20,2506.863,3823.695,5925.484
2023-07-21,2509.293,3821.91,5925.626
2023-07-24,2500,3805.221,5916.714
2023-07-25,2578.351,3915.115,6016.631
2023-07-26,2576.39,3907.013,6001.54
2023-07-27,2575.365,3902.346,5961.184
2023-07-28,2647.032,3992.738,6043.244
2023-07-31,2653.369,4014.63,6088.243
2023-08-01,2645.893,3998.001,6098.879
2023-08-02,2620.684,3969.895,6077.465
2023-08-03,2645.153,4004.984,6098.687
2023-08-04,2648.845,4020.579,6128.556
2023-08-07,2634.581,3990.153,6090.731
2023-08-08,2631.377,3979.732,6066.102
2023-08-09,2628.704,3967.565,6021.751
2023-08-10,2629.443,3975.717,6031.711
2023-08-11,2568.898,3884.254,5913.35
2023-08-14,2549.284,3855.906,5916.803
2023-08-15,2546.442,3846.536,5879.778
2023-08-16,2530.81,3818.334,5833.216
2023-08-17,2536.489,3831.101,5874.361
2023-08-18,2507.58,3784.004,5777.797
2023-08-21,2475.09,3729.555,5710.778
2023-08-22,2493.764,3758.227,5741.061
2023-08-23,2461.187,3696.634,5629.5
2023-08-24,2480.752,3723.429,5652.673
2023-08-25,2485.334,3709.152,5581.212
2023-08-28,2518.186,3752.619,5644.141
2023-08-29,2529.223,3790.107,5770.316
2023-08-30,2522.542,3788.51,5775.153
2023-08-31,2510.458,3765.268,5739.398
2023-09-01,2532.254,3791.491,5750.803
2023-09-04,2577.465,3848.952,5829.784
2023-09-05,2561.79,3820.317,5788.715
2023-09-06,2559.357,3812.028,5790.381
2023-09-07,2534.156,3758.475,5702.701
2023-09-08,2519.969,3739.993,5708.623
2023-09-11,2536.171,3767.537,5774.731
2023-09-12,2531.826,3760.605,5770.926
2023-09-13,2524.541,3736.651,5715.397
2023-09-14,2530.979,3733.508,5702.102
2023-09-15,2514.979,3708.777,5704.663
2023-09-18,2531.897,3727.711,5719.689
2023-09-19,2532.279,3720.502,5687.901
2023-09-20,2521.562,3705.69,5651.006
2023-09-21,2495.739,3672.445,5611.919
2023-09-22,2550.983,3738.933,5698.817
2023-09-25,2529.15,3714.604,5666.664
2023-09-26,2513.407,3692.893,5646.654
2023-09-27,2520.14,3700.495,5674.345
2023-09-28,2507.086,3689.517,5690.77
2023-10-09,2499.567,3684.727,5658.083
2023-10-10,2482.535,3657.126,5630.371
2023-10-11,2490.855,3667.548,5629.789
2023-10-12,2514.39,3702.382,5671.642
2023-10-13,2489.125,3663.41,5633.383
2023-10-16,2468.436,3626.597,5580.667
2023-10-17,2478.905,3639.402,5595.342
2023-10-18,2467.192,3610.577,5524.599
2023-10-19,2401.93,3533.545,5464.027
2023-10-20,2389.22,3510.589,5423.675
2023-10-23,2369.935,3474.244,5290.334
2023-10-24,2378.439,3487.13,5352.012
2023-10-25,2386.303,3504.458,5375.998
2023-10-26,2393.734,3514.145,5398.934
2023-10-27,2414.913,3562.385,5492.027
2023-10-30,2414.156,3583.772,5546.388
2023-10-31,2411.479,3572.506,5528.239
2023-11-01,2420.735,3571.027,5509.966
2023-11-02,2417.459,3554.189,5459.452
2023-11-03,2436.941,3584.136,5510.357
2023-11-06,2456.775,3632.608,5605.062
2023-11-07,2443.966,3619.759,5611.098
2023-11-08,2436.698,3611.072,5608.017
2023-11-09,2436.235,3612.826,5592.057
2023-11-10,2414.017,3586.489,5573.1
2023-11-13,2407.589,3579.414,5605.569
2023-11-14,2406.397,3582.058,5630.553
2023-11-15,2427.124,3607.245,5664.617
2023-11-16,2404.319,3572.364,5609.361
2023-11-17,2398.204,3568.069,5631.423
2023-11-20,2404.767,3576.323,5659.773
2023-11-21,2416.241,3581.067,5641.084
2023-11-22,2396.904,3544.416,5572.899
2023-11-23,2405.165,3561.52,5622.989
2023-11-24,2391.021,3538.009,5570.421
2023-11-27,2370.719,3511.942,5566.507
2023-11-28,2371.212,3518.523,5591.496
2023-11-29,2358.116,3488.307,5553.335
2023-11-30,2365.996,3496.203,5545.05
2023-12-01,2352,3482.881,5566.869
2023-12-04,2333.879,3460.138,5559.068
2023-12-05,2286.581,3394.257,5460.409
2023-12-06,2284.064,3399.598,5481.824
2023-12-07,2274.828,3391.282,5481.136
2023-12-08,2281.649,3399.462,5497.99
2023-12-11,2292.679,3419.455,5564.854
2023-12-12,2305.138,3426.803,5566.178
2023-12-13,2261.018,3369.605,5507.513
2023-12-14,2249.939,3351.964,5489.327
2023-12-15,2245.288,3341.552,5449.786
2023-12-18,2251.23,3329.366,5385.27
2023-12-19,2257.21,3334.041,5379.874
2023-12-20,2237.581,3297.502,5309.287
2023-12-21,2261.382,3330.87,5338.762
2023-12-22,2270.502,3337.228,5311.69
2023-12-25,2272.958,3347.451,5315.375
2023-12-26,2262.21,3324.79,5258.284
2023-12-27,2266.544,3336.357,5285.53
2023-12-28,2317.703,3414.54,5382.797
2023-12-29,2326.173,3431.11,5429.229
2024-01-02,2292.229,3386.352,5409.455
2024-01-03,2294.836,3378.297,5401.395
2024-01-04,2279.036,3347.052,5355.322
2024-01-05,2268.538,3329.111,5281.871
2024-01-08,2243.842,3286.056,5167.7
2024-01-09,2245.622,3292.499,5180.653
2024-01-10,2235.209,3277.129,5158.078
2024-01-11,2240.106,3295.672,5223.863
2024-01-12,2237.207,3284.167,5206.178
2024-01-15,2238.503,3280.92,5193.296
2024-01-16,2248.975,3300.876,5190.398
2024-01-17,2199.259,3229.082,5061.54
2024-01-18,2238.459,3274.729,5066.958
2024-01-19,2243.54,3269.776,5018.433
2024-01-22,2230.609,3218.902,4780.975
2024-01-23,2226.371,3231.933,4865.743
2024-01-24,2260.558,3277.109,4933.701
2024-01-25,2312.854,3342.919,5073.178
2024-01-26,2314.374,3333.821,5027.093
2024-01-29,2304.436,3303.96,4927.914
2024-01-30,2270.979,3245.039,4814.991
2024-01-31,2254.299,3215.352,4696.98
2024-02-01,2248.268,3217.711,4678.731
2024-02-02,2229.014,3179.628,4563.222
2024-02-05,2255.281,3200.422,4460.264
2024-02-06,2318.842,3311.692,4805.901
2024-02-07,2344.151,3343.63,5109.569
2024-02-08,2352.578,3364.93,5150.229
2024-02-19,2371.548,3403.808,5141.604
2024-02-20,2369.083,3410.854,5140.958
2024-02-21,2410.228,3456.871,5139.037
2024-02-22,2433.082,3486.675,5176.343
2024-02-23,2433.407,3489.742,5197.712
2024-02-26,2393.549,3453.359,5195.464
2024-02-27,2405.061,3494.787,5307.804
2024-02-28,2385.61,3450.26,5184.047
2024-02-29,2413.136,3516.083,5346.793
2024-03-01,2414.844,3537.804,5379.048
2024-03-04,2418.584,3540.869,5388.82
2024-03-05,2446.417,3565.514,5351.827
2024-03-06,2434.116,3551.048,5350.102
2024-03-07,2426.973,3529.72,5277.299
2024-03-08,2426.168,3544.91,5349.595
2024-03-11,2443.106,3589.264,5441.051
2024-03-12,2450.469,3597.494,5423.718
2024-03-13,2427.597,3572.361,5415.113
2024-03-14,2423.856,3562.223,5392.927
2024-03-15,2427.197,3569.993,5454.146
2024-03-18,2438.191,3603.528,5528.447
2024-03-19,2416.835,3577.63,5478.225
2024-03-20,2426.459,3585.384,5493.414
2024-03-21,2427.101,3581.09,5465.829
2024-03-22,2403.202,3545.002,5384.566
2024-03-25,2401.211,3525.763,5294.746
2024-03-26,2413.742,3543.747,5284.419
2024-03-27,2398.937,3502.787,5156.684
2024-03-28,2401.987,3520.965,5223.806
2024-03-29,2414.92,3537.484,5286.161
2024-04-01,2441.567,3595.647,5401.225
2024-04-02,2435.757,3580.676,5381.229
2024-04-03,2430.169,3567.803,5374.595
2024-04-08,2414.091,3536.408,5298.591
2024-04-09,2404.609,3533.487,5342.898
2024-04-10,2396.743,3504.709,5275.473
2024-04-11,2394.867,3504.245,5301.809
2024-04-12,2374.047,3475.839,5277.219
2024-04-15,2424.017,3549.076,5339.722
2024-04-16,2412.322,3511.115,5191.554
2024-04-17,2439.856,3565.403,5339.747
2024-04-18,2445.205,3569.802,5349.836
2024-04-19,2430.582,3541.662,5314.867
2024-04-22,2424.747,3530.905,5267.581
2024-04-23,2413.739,3506.225,5208.271
2024-04-24,2424.119,3521.622,5263.039
2024-04-25,2431.622,3530.281,5259.335
2024-04-26,2461.856,3584.269,5372.121
2024-04-29,2474.34,3623.912,5478.491
2024-04-30,2464.244,3604.394,5441.141
2024-05-06,2495.762,3657.877,5528.604
2024-05-07,2499.771,3659.008,5527.085
2024-05-08,2486.019,3630.223,5458.756
2024-05-09,2501.731,3664.561,5556.771
2024-05-10,2508.575,3666.277,5535.395
2024-05-13,2506.459,3664.691,5505.26
2024-05-14,2496.736,3657.045,5500.738
2024-05-15,2477.39,3626.056,5446.656
2024-05-16,2489.414,3640.359,5424.665
2024-05-17,2524.171,3677.97,5491.894
2024-05-20,2532.824,3690.962,5523.501
2024-05-21,2525.233,3676.161,5478.913
2024-05-22,2529.04,3684.451,5468.607
2024-05-23,2500.821,3641.792,5362.305
2024-05-24,2474.425,3601.475,5313.455
2024-05-27,2497.601,3635.708,5371.369
2024-05-28,2490.161,3609.172,5316.129
2024-05-29,2493.169,3613.522,5328.306
2024-05-30,2473.758,3594.312,5308.66
2024-05-31,2462.183,3579.925,5308.54
2024-06-03,2469.017,3588.748,5274.069
2024-06-04,2483.319,3615.671,5341.95
2024-06-05,2468.192,3594.794,5277.941
2024-06-06,2467.887,3592.245,5228.8
2024-06-07,2457.257,3574.114,5208.98
2024-06-11,2423.618,3542.877,5217.47
2024-06-12,2423.607,3544.123,5232.953
2024-06-13,2412.074,3526.131,5194.59
2024-06-14,2426.509,3541.533,5213.093
2024-06-17,2416.341,3536.199,5207.128
2024-06-18,2415.428,3545.59,5230.891
2024-06-19,2413.972,3528.749,5168.82
2024-06-20,2408.338,3503.282,5094.565
2024-06-21,2398.957,3495.62,5102.329
2024-06-24,2404.085,3476.81,4992.91
2024-06-25,2394.215,3457.902,4948.634
2024-06-26,2398.256,3480.265,5020.432
2024-06-27,2388.561,3454.118,4928.051
2024-06-28,2394.875,3461.657,4942.782
2024-07-01,2405.467,3478.183,5003.161
2024-07-02,2416.679,3471.786,4949.477
2024-07-03,2414.866,3463.414,4910.925
2024-07-04,2407.903,3445.813,4834.498
2024-07-05,2386.004,3431.061,4866.265
2024-07-08,2371.689,3401.76,4783.617
2024-07-09,2389.384,3439.811,4876.899
2024-07-10,2381.831,3428.966,4844.162
2024-07-11,2396.407,3468.169,4939.732
2024-07-12,2412.618,3472.401,4919.364
2024-07-15,2420.521,3476.247,4883.897
2024-07-16,2424.755,3498.283,4898.363
2024-07-17,2432.833,3501.584,4856.579
2024-07-18,2444.509,3520.931,4877.692
2024-07-19,2456.79,3539.016,4872.053
2024-07-22,2432.55,3514.925,4865.978
2024-07-23,2396.673,3439.878,4722.799
2024-07-24,2390.954,3418.166,4668.062
2024-07-25,2369.715,3399.272,4665.449
2024-07-26,2355.316,3409.293,4736.377
2024-07-29,2348.478,3390.742,4708.844
2024-07-30,2335.312,3369.382,4699.282
2024-07-31,2375.394,3442.084,4886.414
2024-08-01,2360.422,3419.267,4852.973
2024-08-02,2343.715,3384.392,4788.616
2024-08-05,2328.922,3343.321,4693.848
2024-08-06,2313.336,3342.979,4750.776
2024-08-07,2314.426,3341.489,4751.941
2024-08-08,2320.425,3342.937,4755.815
2024-08-09,2317.992,3331.627,4720.31
2024-08-12,2316.911,3325.865,4714.159
2024-08-13,2317.653,3334.39,4731.835
2024-08-14,2306.115,3309.239,4667.073
2024-08-15,2335.938,3341.953,4698.375
2024-08-16,2345.048,3345.634,4670.379
2024-08-19,2357.031,3356.968,4682.963
2024-08-20,2346.638,3332.703,4602.01
2024-08-21,2339.072,3321.635,4587.122
2024-08-22,2341.151,3313.136,4533.37
2024-08-23,2355.379,3327.191,4537.087
2024-08-26,2352.273,3324.223,4544.359
2024-08-27,2350.414,3305.334,4495.286
2024-08-28,2336.148,3286.496,4500.009
2024-08-29,2317.664,3277.681,4557.901
2024-08-30,2335.215,3321.432,4639.114
2024-09-02,2299.933,3265.011,4546.883
2024-09-03,2291.178,3273.428,4596.482
2024-09-04,2271.807,3252.165,4582.084
2024-09-05,2275.118,3257.758,4601.091
2024-09-06,2263.563,3231.346,4537.454
2024-09-09,2232.959,3192.952,4507.187
2024-09-10,2235.687,3195.755,4507.707
2024-09-11,2220.798,3186.13,4514.916
2024-09-12,2209.56,3172.475,4496.592
2024-09-13,2205.812,3159.247,4450.959
2024-09-18,2218.656,3171.01,4462.87
2024-09-19,2229.805,3196.036,4520.394
2024-09-20,2233.257,3201.05,4498.39
2024-09-23,2243.025,3212.764,4494.688
2024-09-24,2352.145,3351.909,4689.596
2024-09-25,2386.323,3401.533,4731.476
2024-09-26,2498.18,3545.32,4938.184
2024-09-27,2571.085,3703.685,5201.666
2024-09-30,2755.404,4017.855,5743.217
2024-10-08,2853.138,4256.096,6155.582
2024-10-09,2680.715,3955.984,5735.641
2024-10-10,2739.051,3997.788,5690.882
2024-10-11,2680.388,3887.167,5470.813
2024-10-14,2723.183,3961.342,5608.153
2024-10-15,2655.116,3855.995,5472.56
2024-10-16,2650.176,3831.589,5461.088
2024-10-17,2610.467,3788.222,5418.988
2024-10-18,2681.912,3925.234,5640.02
2024-10-21,2681.057,3935.197,5704.225
2024-10-22,2692.661,3957.776,5753.85
2024-10-23,2708.046,3973.209,5776.383
2024-10-24,2680.704,3928.833,5726.704
2024-10-25,2683.325,3956.421,5809.688
2024-10-28,2686.289,3964.157,5883.72
2024-10-29,2667.939,3924.649,5812.529
2024-10-30,2634.738,3889.449,5837.934
2024-10-31,2633.117,3891.04,5901.29
2024-11-01,2651.535,3890.02,5831.822
2024-11-04,2675.771,3944.762,5928.909
2024-11-05,2727.667,4044.573,6111.971
2024-11-06,2706.615,4024.283,6125.787
2024-11-07,2797.86,4145.695,6239.56
2024-11-08,2765.539,4104.047,6222.445
2024-11-11,2753.745,4131.131,6330.615
2024-11-12,2712.265,4085.743,6263.883
2024-11-13,2728.229,4110.89,6259.841
2024-11-14,2704.152,4039.619,6078.305
2024-11-15,2671.452,3968.831,5924.483
2024-11-18,2678.274,3950.381,5833.036
2024-11-19,2671.189,3976.891,5936.602
2024-11-20,2676.207,3985.773,5992.39
2024-11-21,2680.798,3989.298,5985.313
2024-11-22,2601.557,3865.699,5750.246
2024-11-25,2582.054,3848.091,5735.649
2024-11-26,2592.737,3840.185,5690.479
2024-11-27,2625.761,3907.045,5804.937
2024-11-28,2610.121,3872.551,5757.597
2024-11-29,2624.956,3916.583,5851.939
2024-12-02,2639.041,3947.632,5943.625
2024-12-03,2652.898,3951.891,5932.121
2024-12-04,2648.755,3930.557,5879.27
2024-12-05,2635.562,3921.588,5901.986
2024-12-06,2665.428,3973.141,5979.197
2024-12-09,2667.592,3966.571,5947.109
2024-12-10,2689.329,3995.637,5992.094
2024-12-11,2676.552,3988.831,6047.105
2024-12-12,2702.268,4028.505,6100.395
2024-12-13,2638.027,3933.181,5988.292
2024-12-16,2641.56,3911.842,5912.601
2024-12-17,2652.346,3922.033,5848.163
2024-12-18,2671.346,3941.89,5888.616
2024-12-19,2661.722,3945.464,5901.916
2024-12-20,2648.461,3927.744,5917.175
2024-12-23,2671.203,3933.572,5818.551
2024-12-24,2702.282,3983.688,5895.26
2024-12-25,2710.165,3985.629,5840.289
2024-12-26,2702.595,3987.48,5887.061
2024-12-27,2701.703,3981.031,5899.167
2024-12-30,2718.749,3999.055,5898.884
2024-12-31,2684.771,3934.911,5725.732
2025-01-02,2610.342,3820.395,5545.817
2025-01-03,2587.132,3775.165,5427.804
2025-01-06,2579.963,3768.97,5427.101
2025-01-07,2593.965,3796.106,5484.685
2025-01-08,2597.446,3789.215,5461.586
2025-01-09,2579.575,3779.877,5456.586
2025-01-10,2560.25,3732.481,5369.281
2025-01-13,2553.359,3722.513,5381.697
2025-01-14,2598.807,3820.54,5572.272
2025-01-15,2591.503,3796.026,5522.459
2025-01-16,2580.118,3800.384,5545.634
2025-01-17,2582.486,3812.343,5587.294
2025-01-20,2589.069,3829.676,5614.331
2025-01-21,2584.889,3832.615,5633.925
2025-01-22,2551.354,3797.017,5607.059
2025-01-23,2567.477,3803.744,5584.255
2025-01-24,2579.096,3832.864,5649.95
2025-01-27,2583.652,3817.08,5589.343
2025-02-05,2561.942,3795.085,5614.387
2025-02-06,2580.426,3842.831,5747.901
2025-02-07,2608.089,3892.703,5833.988
2025-02-10,2621.04,3901.062,5888.551
2025-02-11,2614.322,3883.135,5858.281
2025-02-12,2640.046,3919.862,5940.53
2025-02-13,2641.131,3905.14,5898.261
2025-02-14,2660.855,3939.009,5947.796
2025-02-17,2664.475,3947.398,5948.72
2025-02-18,2651.112,3912.783,5840.711
2025-02-19,2663.603,3940.16,5943.882
2025-02-20,2648.167,3928.896,5957.547
2025-02-21,2682.239,3978.444,6057.065
2025-02-24,2674.117,3969.717,6044.973
2025-02-25,2643.233,3925.651,5979.965
2025-02-26,2666.656,3959.941,6051.74
2025-02-27,2679.077,3968.116,6028.986
2025-02-28,2638.957,3890.049,5859.871
2025-03-03,2628.524,3888.474,5885.77
2025-03-04,2621.217,3885.221,5937.63
2025-03-05,2641.446,3902.571,5950.703
2025-03-06,2683.949,3956.237,6047.773
2025-03-07,2682.016,3944.014,6013.775
2025-03-10,2668.806,3928.802,6013.619
2025-03-11,2682.223,3941.416,6044.974
2025-03-12,2669.015,3927.232,6040.497
2025-03-13,2664.617,3911.579,5993.967
2025-03-14,2740.507,4006.557,6099.981
2025-03-17,2737.923,3996.788,6108.018
2025-03-18,2739.745,4007.723,6133.302
2025-03-19,2746.963,4010.168,6101.437
2025-03-20,2718.186,3974.992,6059.486
2025-03-21,2675.358,3914.696,5971.93
2025-03-24,2693.331,3934.849,5969.079
2025-03-25,2691.898,3932.295,5946.951
2025-03-26,2677.312,3919.357,5948.499
2025-03-27,2690.843,3932.412,5957.602
2025-03-28,2679.74,3915.166,5916.031
2025-03-31,2665.634,3887.306,5857.772
2025-04-01,2662.711,3887.684,5892.85
2025-04-02,2658.621,3884.386,5899.087
2025-04-03,2662.252,3861.503,5845.505
2025-04-07,2516.965,3589.441,5287.033
2025-04-08,2574.353,3650.759,5326.914
2025-04-09,2597.102,3686.794,5439.772
2025-04-10,2612.619,3735.115,5544.065
2025-04-11,2619.576,3750.517,5581.318
2025-04-14,2628.206,3759.142,5627.138
2025-04-15,2634.593,3761.235,5602.534
2025-04-16,2658.496,3772.82,5556.864
2025-04-17,2659.896,3772.222,5557.011
2025-04-18,2657.637,3772.523,5560.721
2025-04-21,2652.81,3784.881,5642.381
2025-04-22,2656.539,3783.952,5624.209
2025-04-23,2648.83,3786.882,5634.949
2025-04-24,2655.364,3784.357,5605.88
2025-04-25,2648.81,3786.994,5627.18
2025-04-28,2651.225,3781.619,5598.295
2025-04-29,2645.512,3775.077,5604.906
2025-04-30,2633.16,3770.571,5631.825